"geneid","coef"
"Intercept",51.2338242325454
"LGMN",-0.742671307897621
"BANK1",2.08085169011928
"SESN1",4.9786047778896
"TLE2",-1.21210933485328
"CMKLR1",-0.407470402305197
"E2F2",-4.06285365537045
"NDST1",-1.48630162695254
"MPO",-1.5628725833574
"AGPAT2",0.949040243047279
"ZNF721",3.20107204894215
"PODXL2",-9.44480750413256
"EPB41L4A",1.19392640477499
"ARRB1",-1.12445978378851
"ICAM4",-0.0153452256213568
"TSPYL5",-2.06394713424016
"PRIM1",-0.199969136922293
