"geneid","coef"
"Intercept",34.783382728142
"ADIPOR2",4.97152328193052
"CLU",-0.259252452999013
"FABP3",-0.253530903952889
"GBP2",-0.928618486677809
"GFAP",3.19212705942544
"GNS",-0.286689575031729
"GPNMB",-1.20708198269634
"GSTA1",0.0553136733359055
"HBA1",0.0907964971529958
"HIST1H1C",-0.78206798340225
"IL33",6.45790291935177
"MPEG1",-2.01838609838707
"MT1F",1.80265668645608
"PCSK6",8.04123314116201
"RNF213",-3.98111674652283
"SPP1",-0.334224872495946
"TFRC",0.54517012634219
