"geneid","coef"
"Intercept",4.21581705323452
"ACSS2",1.61316232056668
"ANXA3",3.38753796173175
"CA4",-4.66549754220313
"COL1A1",-0.530428939575147
"COL3A1",-3.81541513110667
"COL4A5",4.9476005289637
"EFEMP1",2.71686013218867
"NPC2",8.54163764874476
"PCSK6",4.98420959285897
"SPP1",-0.397118590873317
"TFRC",0.557528340777599
"UQCRFS1",-3.69301675012563
"VWF",-0.985708975973989
