"geneid","coef"
"Intercept",93.3905821700075
"UBB",-2.17031256887887
"IGFBP3",0.770741581933837
"HMGB2",-2.24570419135053
"H2AFX",-3.37022308782883
"GHRHR",-4.70488032677924
"CDKN2A",7.84737087170211
"RAE1",-0.218718527200504
"CDC42",-2.41500825211971
