"geneid","coef"
"Intercept",82.1219232503156
"APOD",-4.44279332827829
"C3",1.39786881233801
"CA4",1.11276540611818
"CTSS",0.66175133465256
"GFAP",0.298257544262784
"HBA1",0.235193032023948
"NPC2",1.308782877117
"PSMD11",-5.16943188998403
