"geneid","coef"
"Intercept",60.233432523737
"ACSS2",-1.5133396491981
"C1QC",0.685301292303304
"C4A",0.311570185086896
"CA4",-0.691078439888599
"CALB1",-17.4962780771249
"CLIC4",-0.562859441773075
"CLU",0.264914605795439
"COL4A5",2.54854052062843
"CTSS",-0.135196300328458
"FABP3",-1.90169362542529
"GFAP",0.70275968698391
"GHITM",-0.0256757648356737
"GSTA1",0.80598231421033
"LYZ",-0.675745208515691
"NDRG1",2.22583454523225
"RNF213",0.259213852394891
"VAT1",-1.26831337502139
