"geneid","coef"
"Intercept",98.5633758311948
"IGF1R",-0.501087089636345
"EGFR",1.76610392987506
"BCL2",2.01001587132391
"IGFBP3",3.04334126342731
"SSTR3",1.98898606483001
"APOE",-2.30202224408315
"IL6",0.355078252544412
"LEPR",0.00947499142527565
"SOCS2",1.6474593058446
"TP73",4.58451608142632
"SQSTM1",-5.3284254945021
"GRN",-5.40211693748873
