"geneid","coef"
"Intercept",48.750376677385
"MYL7",1.04290713661518
"PPP1R1B",-0.101619698561731
"CDA",0.0152505439448482
"NEFH",-0.99196714044393
"C7",0.295416846840633
"SLC22A3",-1.62448652901077
"HRC",0.477262570457695
"RPP25L",-2.35178213827954
"PI16",0.304965484025651
"SVEP1",0.567652052216313
"DLK1",-0.0239015502603797
"SNORA59A",0.440563581995628
"CYP4Z1",0.0493849196100105
"SMOC2",0.225453269005076
"FMO3",2.49523480545261
"UBC",0.205381562066574
