"geneid","coef"
"Intercept",82.871735825983
"APOD",0.725971855334259
"C1QA",-0.476169309699691
"CALB1",-3.70001828683984
"DIABLO",-6.71771486390709
"GFAP",1.36276451642941
"HCST",-0.0132364460511888
"HLA-G",-1.28107006817045
"LYZ",-0.291105363352053
"NDUFB11",-2.34091647910926
"UQCRFS1",-0.131283077287617
