"geneid","coef"
"Intercept",61.9469940075439
"C4A",-0.713203861773063
"CA4",-5.65318840025234
"DIABLO",-0.996862203712282
"FABP3",-1.56709691817785
"GBP2",1.06793336015923
"GNS",-0.725027618925146
"HBA1",0.273919026482425
"HIST1H1C",0.18999045415296
"IL33",-0.775020490826906
"MPEG1",-0.843916568118213
"PSMD11",-0.239267020414111
"RASA3",0.864745836538057
"RNF213",-0.0451720767777269
"S100A4",-0.401454223557143
"TXNIP",0.200092000668098
