"geneid","coef"
"Intercept",53.7961307376033
"FAM49A",-0.0437282531697138
"C7",0.320272589600152
"CPXM1",-1.13801935082497
"USP53",1.87781829426509
"NEAT1",0.342844644694348
"MPPED1",-0.0452598687833013
"GLTPD2",-1.10272778999141
