"geneid","coef"
"Intercept",87.3655471278427
"ADIPOR2",2.58499586067341
"APOD",2.15109851524625
"CX3CL1",1.24253051063914
"HIST1H1C",-1.24843441320129
"LGALS3",-0.324011634427276
"LYZ",-0.879639675756472
"NDUFB11",-4.10860905362611
"TXNIP",0.0112469685459004
"UQCRFS1",-0.475708882431365
"UQCRQ",-3.10141934816602
