"geneid","coef"
"Intercept",51.0374023011848
"LGMN",-1.53618341901829
"BANK1",1.83421477896838
"SESN1",4.65817501698963
"PYHIN1",0.915691726539321
"TLE2",-0.838551642775869
"CMKLR1",-0.504908693987367
"E2F2",-2.47194260487902
"NDST1",-0.197647860468665
"MPO",-1.23947626007269
"AGPAT2",0.481973587246861
"ZNF721",2.7421630500167
"PODXL2",-8.34275767977492
"ARRB1",-0.686412809443472
"TSPYL5",-1.42212418746239
