"geneid","coef"
"Intercept",67.4973456796045
"APOD",-4.00800166988721
"C3",1.75241942770182
"CA4",0.559296235751856
"EFEMP1",0.460712608541745
"GFAP",0.706061445175502
"HBA1",0.0914954329322697
"NPC2",0.928414061118113
"PSMD11",-1.78824443312337
